"First Name","Last Name"
"Brooke","Crawford"
"Steven","Evans"
"Daisy","Robinson"
"Richard","Chapman"
"Lilianna","Kelly"
"Alexia","Walker"
"Miranda","Brooks"
"Sawyer","Crawford"
"Richard","Carroll"
"Maximilian","Ellis"
"Elise","Campbell"
"Oscar","Moore"
"Kristian","Cooper"
"Adele","Barrett"
"William","Scott"
"Kevin","Casey"
"Ashton","Cooper"
"Edgar","Hawkins"
"Samantha","Ellis"
"Caroline","Anderson"
"Kevin","Stevens"
"Jared","Chapman"
"Lucas","Phillips"
"Alfred","Cole"
"Amber","Grant"
"Ryan","Morrison"
"Melanie","Sullivan"
"Stuart","Foster"
"Lucas","Taylor"
"Arthur","Johnston"
"Kellan","Sullivan"
"Maddie","Cooper"
"Daniel","Clark"
"Adam","Thomas"
"Melissa","Fowler"
"Paige","Harris"
"Heather","Moore"
"Dexter","Bennett"
"Adison","Edwards"
"Myra","Robinson"
"James","Walker"
"Reid","Ellis"
"Rosie","Gray"
"Chelsea","Farrell"
"Derek","Farrell"
"Stella","Roberts"
"Arianna","Hill"
"Emily","Chapman"
"John","Phillips"
"Edwin","Thompson"
"Ryan","Scott"
"Oscar","Cameron"
"Miranda","Carter"
"Edwin","Reed"
"Audrey","Henderson"
"Amber","Casey"
"Hailey","Wilson"
"Dexter","Howard"
"Dainton","Ferguson"
"Isabella","Myers"
"Andrew","Stevens"
"Derek","Taylor"
"Lana","Barrett"
"Sawyer","Andrews"
"Sawyer","Barrett"
"David","Lloyd"
"Max","Chapman"
"Freddie","Johnson"
"Hailey","Nelson"
"Briony","Hawkins"
"Naomi","Anderson"
"Clark","Stevens"
"Maddie","Farrell"
"Charlotte","Roberts"
"Brad","Owens"
"Melissa","Armstrong"
"Amanda","Farrell"
"Patrick","Watson"
"Michelle","Hall"
"Gianna","Morris"
"Heather","Armstrong"
"Alford","Brown"
"Adrian","Owens"
"Fenton","Hamilton"
"Florrie","Anderson"
"Spike","Hamilton"
"Chelsea","Morris"
"Ryan","Stewart"
"Rosie","Sullivan"
"Anna","Davis"
"Edwin","Wilson"
"Ada","Richards"
"Amanda","Nelson"
"Arianna","Armstrong"
"Florrie","Farrell"
"Valeria","Cole"
"Lenny","Hamilton"
"Grace","Edwards"
"James","Morris"
"Eleanor","Turner"
"Evelyn","Kelley"
"Amanda","Barrett"
"Melissa","Richards"
"Paige","Owens"
"Penelope","Johnston"
"Freddie","Bennett"
"Adam","Kelley"
"Kimberly","Morgan"
"Fenton","Henderson"
"Rubie","Ross"
"Nicholas","Farrell"
"Aldus","Bailey"
"Roman","Sullivan"
"Briony","Barnes"
"Miller","Stevens"
"Edwin","Cooper"
"John","Alexander"
"Oliver","Thomas"
"Ned","Riley"
"Cadie","Fowler"
"Sienna","Howard"
"Jacob","Cole"
"Tiana","Spencer"
"Clark","Hawkins"
"Aldus","Chapman"
"Roman","Bailey"
"Owen","Reed"
"Roland","Evans"
"Eddy","Barnes"
"Nicholas","Morrison"
"Heather","Smith"
"Justin","Lloyd"
"Agata","Bailey"
"Alen","Harrison"
"Michelle","Reed"
"Alexia","Montgomery"
"Stella","Hawkins"
"Julia","Myers"
"Reid","Carroll"
"Martin","Carroll"
"Ryan","Cameron"
"Rebecca","Holmes"
"Evelyn","Richardson"
"Edith","Williams"
"Ryan","Carroll"
"Violet","Crawford"
"Ashton","Moore"
"Vanessa","Miller"
"Victoria","Gibson"
"Edward","Ross"
"Honey","Thomas"
"Bruce","Russell"
"Sydney","Douglas"
"Vivian","Moore"
"Kellan","Cole"
"Violet","West"
"Valeria","Parker"
"Briony","Jones"
"Nicholas","Wilson"
"Alfred","Johnston"
"Alisa","Gray"
"Spike","Foster"
"Melissa","Stevens"
"Thomas","Crawford"
"Ashton","Miller"
"Isabella","Adams"
"Byron","Howard"
"Preston","Stevens"
"Arianna","Ellis"
"Roman","Walker"
"Maya","Brooks"
"John","Hawkins"
"Aida","Mason"
"Rosie","Howard"
"Edith","Walker"
"Mary","Foster"
"Valeria","Anderson"
"Elise","Kelley"
"Richard","Perry"
"Dale","Martin"
"Ellia","Casey"
"Kellan","Brown"
"Arnold","Adams"
"Lucia","Wells"
"Stuart","Johnson"
"Byron","Watson"
"Nicholas","Mitchell"
"Elian","Parker"
"Clark","Kelley"
"Briony","Brooks"
"Florrie","Fowler"
"Jacob","Riley"
"Kate","Myers"
"Kate","Morrison"
"Penelope","Alexander"
"Preston","Farrell"
"Abigail","Allen"
"Aldus","Murray"
"Maddie","Harrison"
"Henry","Turner"
